time,drone_id,x,y,z,velocity_x,velocity_y,velocity_z,input_command,target_x,target_y,target_z,battery_level,rpm,x_min,x_max,y_min,y_max,z_min,z_max,timeout
1,1,6.29447372786358,8.11583874151238,2.53973632587012,1.72434664073624,0.637530479717962,-2.61537659261055,ascend,0.937630384099677,9.15013670868595,19.2977707039855,100.588065408388,1486,-10,10,-10,10,0,20,5
1,2,-0.292487025543176,6.005609377776,2.83772677254431,-0.248288696432624,2.97939521557093,2.81806897960096,move_backward,3.11481398313174,-9.28576642851621,16.9825861173755,104.469966238788,1340,-10,10,-10,10,0,20,4
1,3,4.86264936249832,-2.15545960931664,13.1095578035511,-1.57456560751728,1.77679126351528,-2.2941402139383,ascend,-9.07657218737692,-8.05736437528305,16.4691565665459,103.274143114879,1158,-10,10,-10,10,0,20,5
1,4,-9.31107838994182,-1.22511280687204,7.63116914186017,0.638413478331004,0.625717193274857,-1.72975983464891,descend,-1.08827598578201,2.92626020222529,14.1872966171615,103.573433409912,1138,-10,10,-10,10,0,20,4
1,5,3.10196007947681,-6.74776529610739,2.37995363116753,-0.0136986562066961,3.0652606165695,-1.53933182750736,descend,-5.52376121017726,5.02534118611306,5.10190230918538,102.329785258326,1350,-10,10,-10,10,0,20,5
2,1,9.18582850410889,0.944310599276061,2.77248885657358,-1.48460367451971,-2.12316346663997,4.70091444800408,ascend,6.28569652137633,-5.12950062550021,18.5852724637446,101.349918829924,1098,-10,10,-10,10,0,20,1
2,2,2.32089352293278,-0.534223021945415,7.03319014125993,2.8386203012851,0.583168747968365,0.395622106928721,move_backward,-4.28321962359253,5.14400458221442,15.0745818855699,101.502229234877,1284,-10,10,-10,10,0,20,0
2,3,-8.92099762666786,0.615951060179453,15.5833446020402,5.17098250523248,-1.33378134140277,0.37466204915788,descend,-9.76195860997517,-3.25754711202237,3.24364616386486,103.57142270342,1155,-10,10,-10,10,0,20,3
2,4,-6.68702541000438,2.03963882803273,5.25942569080289,0.979930642347896,1.47872624720895,3.42377556596311,descend,-8.32357244006135,-5.42046062566362,18.2667472300334,100.361890094846,1413,-10,10,-10,10,0,20,3
2,5,9.92269433253771,-8.43648942493633,8.85356539550893,-2.4156909705196,5.81601606145872,1.65043778845698,move_backward,-8.31128308978179,-2.00434701802207,5.19740805701308,103.600342401122,1216,-10,10,-10,10,0,20,5
3,1,-6.36305943394295,-4.7239416695602,2.91077960769434,-3.1541140455984,1.01594930181189,0.563968127341112,descend,-7.10090403552546,7.06062235443788,12.4411026297013,101.154761904461,1257,-10,10,-10,10,0,20,2
3,2,-8.48066616618316,-5.20167692892684,2.46637869670331,-1.9584126103346,-2.312803311328,-1.06711421863197,hover,8.05432219830562,8.89574379443292,9.8172818493616,101.846263192,1169,-10,10,-10,10,0,20,5
3,3,-2.6150643775957,-7.77594489412425,15.6050413664228,-0.449542112105168,-1.1780580614416,-0.587507195470832,hover,-7.3605341478733,8.8410118155097,19.122690804596,102.276042975392,1029,-10,10,-10,10,0,20,1
3,4,-2.93682857555858,6.42388080395918,0.308068753031101,-4.65973431161015,-2.89819458567748,0.667021666131612,move_forward,2.95491926272613,-0.981525871381102,10.9401778457269,100.881604028039,1373,-10,10,-10,10,0,20,1
3,5,3.7355086673063,-6.32977688525461,7.36969192980673,1.1055666918891,2.07818130700991,-2.23527736653042,move_backward,5.51425357216805,-0.264167351936553,8.71717177161838,101.633918747149,1153,-10,10,-10,10,0,20,3
4,1,0.215431283442193,6.35255416644524,15.8966283376691,0.9338288713694,-0.419426676777473,1.25038071417525,descend,-2.98545792846233,8.78003123999774,17.5188562298597,101.950781714492,1311,-10,10,-10,10,0,20,3
4,2,-5.84515414533943,-3.97507339441019,9.41846697035181,-1.06402275361764,3.36420718932636,-1.75145869232003,ascend,-6.58583905704283,-5.44671404366893,8.71397368207798,100.755511433252,1462,-10,10,-10,10,0,20,2
4,3,-6.30367359751728,8.09761937359786,19.5949675671217,-0.459252901926361,-3.01231940795944,-0.889255632893971,descend,1.89792148017229,-4.75576504438309,12.0568617876417,102.756078902168,1111,-10,10,-10,10,0,20,0
4,4,-4.06648253563346,-3.62443396148235,8.48333519427614,0.0249380827232359,-6.05835468280829,-0.914029281743165,move_backward,-9.41559444875707,8.57708278956089,14.6066172571091,101.643044869018,1289,-10,10,-10,10,0,20,1
4,5,-0.823023436401378,9.26177078573826,10.9361143747794,0.0827472269792293,-1.46833822539348,-0.0616274600246399,move_forward,3.58271081731495,-2.08969568662814,7.34873297088953,104.139910015808,1018,-10,10,-10,10,0,20,5
5,1,8.26573655278478,5.92367747170424,1.97424557311149,-1.18006912841044,-0.556128327530619,0.845431382440957,hover,4.4245499716348,-7.86476276785517,13.0751469733712,101.470869683196,1390,-10,10,-10,10,0,20,4
5,2,8.07441121112632,7.81845008661578,6.68326105474993,0.514112314867938,-1.88875561280844,-2.64357704278513,move_forward,0.000448711804017066,-0.401557177078791,18.0944447613473,102.049333242113,1309,-10,10,-10,10,0,20,5
5,3,6.10978849059371,1.5344303122937,3.65844938829828,-1.30310728350056,2.38420374106254,-3.22366077735562,descend,-6.64145708635487,9.57361299282318,14.2538894335783,101.502358120774,1236,-10,10,-10,10,0,20,0
5,4,3.63943808298126,-9.15137724998517,1.42890929201285,0.159867420596879,-1.89696196714101,0.822981242846748,move_backward,4.44879184733685,-7.00269115044066,13.1921050581661,101.592974712553,1487,-10,10,-10,10,0,20,3
5,5,6.00661150704803,-0.92404582546161,8.64783007566923,2.01554681061088,-4.2473109248315,-1.00917281102802,hover,-2.18124395352529,6.62759485678139,16.0672878320488,99.3023558958495,1200,-10,10,-10,10,0,20,3
6,1,-1.66401064138426,3.13719781947414,12.5594671838021,-1.85992311788026,-0.353660531858464,-4.26418919832307,move_backward,-6.65663180170688,-7.87567310142672,7.44819480111074,99.7905920127149,1245,-10,10,-10,10,0,20,2
6,2,9.03260929555454,8.40664079673127,1.05353995361585,0.882653863455217,-2.79627575162215,-0.510110359761612,descend,8.85473968553869,-1.64511791366676,19.6610493293971,100.30727474356,1351,-10,10,-10,10,0,20,3
6,3,0.782529300857133,3.96211040360617,13.3305582680517,-1.56829236732818,-3.61074670277218,3.71718589711141,hover,1.2239958541932,7.6373300090362,13.3835060906879,99.7521663358998,1184,-10,10,-10,10,0,20,2
6,4,9.63275901941499,-6.87190095546873,17.1104561169182,0.617246279897059,-0.467720084258306,-2.11394549192026,descend,-0.359558779362875,-7.58776773405675,11.7901496939012,99.9309383987634,1192,-10,10,-10,10,0,20,3
6,5,-4.96387755055374,-4.19118671446041,12.3418176878645,-3.67171828500861,2.07195181649096,4.84892228987873,move_forward,-3.12245991770034,1.68138666556904,2.15538030487486,103.331540753249,1440,-10,10,-10,10,0,20,4
7,1,-4.78544001889071,1.88712501328662,0.450251854804635,-0.622858837093789,-1.14001983328437,-2.05146723125743,hover,-1.54228621799831,-8.11541322224531,11.9704733751348,100.954621281792,1348,-10,10,-10,10,0,20,4
7,2,2.77061516543676,-9.32792327867141,1.37612198236102,-0.893990021489055,0.219317182655205,2.25747290405657,descend,6.39962445563881,4.36717886411767,19.3729866046219,101.256669532828,1162,-10,10,-10,10,0,20,0
7,3,2.21917317492401,5.57604483648185,8.46905837925476,-1.08157283297705,-0.617283630560226,-2.19318660305094,ascend,-1.19829721996558,0.542854835213046,9.14848731375348,102.976857993021,1259,-10,10,-10,10,0,20,5
7,4,2.75418196144348,9.15387879683167,4.8141407096032,1.05309407549912,-0.520501723412234,1.20028501761726,move_forward,-8.64014463059979,-4.90419686805989,4.48080061648437,101.939163635069,1423,-10,10,-10,10,0,20,2
7,5,5.61039305462716,3.50664131493999,0.13430628636955,0.794933991590617,-1.50378947736378,3.03253379329191,hover,-0.751016815153427,-1.5130192036925,9.21832732057928,102.450798643043,1161,-10,10,-10,10,0,20,4
8,1,-0.572856925787768,-9.28474533461764,3.51748831367062,1.2250225963339,-0.109772259977355,-2.23746400490545,ascend,2.14778427536695,-6.16509489076404,14.7685367995388,99.6142479915909,1459,-10,10,-10,10,0,20,1
8,2,5.31000033242877,-6.22676046417018,5.74996346132262,-1.18650063002161,0.802672679637602,1.88426663847388,descend,-1.48542316257624,2.88885562862673,12.9523526034537,101.795083770466,1318,-10,10,-10,10,0,20,5
8,3,-5.82130155147954,4.1856340542109,4.72461153987593,-1.20783696275234,0.353893644658823,-0.615006939725501,descend,3.23889503811304,5.4057102960732,7.0043602688221,101.710047991796,1208,-10,10,-10,10,0,20,5
8,4,6.65833638150432,-4.87118015541705,12.2692147362575,1.20220406493659,0.184615902477925,3.45968278314473,ascend,-3.63851849037882,-7.61570917891618,18.7965894068984,101.627759374863,1240,-10,10,-10,10,0,20,3
8,5,0.894322210535258,2.94622960586255,10.8777186799928,0.87990437774488,0.203324887400682,5.57467045562687,ascend,-7.88403453499544,-7.80605070953612,1.27182741950211,100.422899979288,1224,-10,10,-10,10,0,20,2
9,1,5.27009281697627,2.55792759228338,15.4396077110849,3.55651179858201,2.44612510346761,-2.56651220920953,hover,3.9253267416599,-8.12359946450269,10.5080880771867,100.851721091964,1431,-10,10,-10,10,0,20,2
9,2,-2.13087277569467,3.42862279348052,14.8251588690841,0.140090418833616,-1.2171610201599,-2.44518676037326,descend,-4.75709364544385,-9.11091815443523,15.0986653446236,99.4139267891048,1221,-10,10,-10,10,0,20,4
9,3,-2.81543579196279,4.72680148602404,7.89414950557526,2.02560372852596,1.25866916986284,-0.426030165282109,hover,-3.38284239571858,-1.51381006333725,5.40540846864131,99.1852689904773,1411,-10,10,-10,10,0,20,2
9,4,7.75541908512708,-2.17634009077673,15.3822877477659,-1.0445009699871,0.353155589284633,1.94147564710938,ascend,-5.67962168077211,5.80814435933827,18.9860782369959,99.837827170376,1336,-10,10,-10,10,0,20,2
9,5,6.6700119117795,5.3770850485923,3.34507090989443,2.05770613800405,2.91593556132397,0.0949426465496571,move_backward,1.76052110616995,-6.90495302687911,3.99725645714904,100.234774185695,1375,-10,10,-10,10,0,20,4
10,1,5.79926059889062,-3.62951509202016,10.6812825474145,-3.27733145986777,-1.52017999727053,-1.63758619250051,move_forward,-0.0964596182067883,-6.2057918796484,9.90011649980442,98.7380411098834,1027,-10,10,-10,10,0,20,5
10,2,1.2111905470977,8.59217733513326,13.9333440111046,0.360515387974094,1.10170904411494,1.36592855222387,move_backward,-9.9895524928611,7.30877182026049,12.25132938968,102.949751028544,1264,-10,10,-10,10,0,20,2
10,3,6.02695211043904,-5.44314128587916,9.96188582392779,1.83973415961279,0.299617465265522,2.80986689135395,move_forward,1.71974071652952,-5.0653094802805,13.3283243463894,98.4174140680131,1313,-10,10,-10,10,0,20,3
10,4,4.59503710634442,7.81504232650644,19.6460644576721,1.84786489737787,0.533834893191656,1.28332301284356,descend,-9.66034123325477,-7.58280857802884,17.2542143739934,100.421482556061,1423,-10,10,-10,10,0,20,1
10,5,1.0458268307755,2.59766770128842,0.639820315251338,0.695185263920129,-0.363686436918667,-1.87906953188298,descend,-6.14979207875851,-7.5383250490811,4.1098834181536,98.7325745530744,1094,-10,10,-10,10,0,20,0
11,1,2.70395833719764,-4.3626628823914,10.7719335609068,1.57413335271596,-0.00445357262767227,0.186217520117607,descend,-7.5213544480386,-0.192854130639637,17.0599631068163,102.169637029309,1135,-10,10,-10,10,0,20,1
11,2,1.29959141476402,2.80623650325516,8.34057903285772,-2.29782457923758,4.04866519908774,-4.71904702191698,hover,-7.15917756192004,-6.67079118247158,12.4191728787062,100.668548824206,1026,-10,10,-10,10,0,20,5
11,3,4.57323363356542,4.7568330759518,1.26809001385636,2.09716152107288,1.32141417273435,5.01754494637021,move_backward,5.71117978530061,0.267548371751499,3.5520492101173,99.7929474836792,1067,-10,10,-10,10,0,20,0
11,4,8.78283412139096,-3.97387870827216,5.91067668950713,-0.818655443268141,-0.321773533476886,0.818668860910911,hover,6.84413224838669,1.1806508997739,17.0819989854689,99.5393959716363,1223,-10,10,-10,10,0,20,0
11,5,-6.45784932421782,3.25616123921949,6.61657990406609,1.00748811147466,-1.78532280695408,3.81702466071644,descend,4.13834838645526,9.98983240195409,5.75698689630275,99.8726126944655,1232,-10,10,-10,10,0,20,4
12,1,6.36408077815341,-7.99556919609017,3.56233907773533,-2.19573553908134,-2.83154664313588,0.119141177132092,ascend,-6.48661940648678,-5.82106652013729,18.1030711800893,100.976955886681,1234,-10,10,-10,10,0,20,5
12,2,-7.91976850441243,4.91092147403435,14.7253491119328,0.698508833327428,-1.45849453525901,0.653680497525983,ascend,-7.31754134342635,-5.74796933282314,17.8988335088163,97.9572640639352,1121,-10,10,-10,10,0,20,0
12,3,-1.16555885871152,-9.73433599065495,17.9438270194714,-2.17391845892266,-2.85287231895945,-2.02890153541064,descend,-7.9666121275049,9.90779455310183,6.64185666904998,99.0867340794396,1031,-10,10,-10,10,0,20,1
12,4,-9.07297470203638,0.108562849154058,15.2285177338023,0.80850693021872,-1.40124042683641,-3.2610857854945,move_forward,8.10269488447142,0.675439035340004,2.18308424084917,101.729044289278,1169,-10,10,-10,10,0,20,1
12,5,4.92626855407359,-9.79326763313207,0.968946785064442,0.8413674004025,0.801475996293924,0.190284315728337,move_forward,4.14506970630843,5.62754103598554,5.75953951228342,101.062659931933,1278,-10,10,-10,10,0,20,2
13,1,-8.76818665892071,5.60351062982347,6.7516772810409,0.092869053375646,-1.58589500440362,-3.10102894955912,descend,-0.295411828300814,7.80951358368877,15.9792055762576,101.07170541848,1025,-10,10,-10,10,0,20,0
13,2,-8.22945080650559,5.96701728227905,18.8601627914141,1.45514407383145,-1.54612820430447,1.67326750895231,hover,-7.65014295696334,2.81435845931851,6.57628429513605,100.669060112979,1375,-10,10,-10,10,0,20,3
13,3,4.80064655975555,-5.30346170504191,14.699150833921,4.27700450765703,1.08227882683426,-3.08175436371577,ascend,-2.61602391339964,3.70056945323219,11.9588327076778,101.34681971821,1184,-10,10,-10,10,0,20,1
13,4,-8.26666905208936,5.43867834198215,4.1134904292952,-0.414606319295249,0.540756405379832,-1.30554202411786,move_forward,-0.310392552036392,-6.96308949767467,15.63863933176,97.9030316118121,1147,-10,10,-10,10,0,20,1
13,5,0.617445140558567,-8.17002537321176,8.10630839761183,-1.08709624322477,-1.82379700857732,1.30539718199048,ascend,2.07066877501774,9.28845334431803,8.64969987940722,100.87376097309,1379,-10,10,-10,10,0,20,2
14,1,3.10996079607075,-7.80489898553897,18.6751969677066,-1.97912535813673,-3.65767186840769,2.76899702270852,descend,5.37916528117738,-2.0798650956425,5.45877588247381,97.3861731703516,1337,-10,10,-10,10,0,20,2
14,2,-0.965215301905289,2.19714338580432,1.18806593716554,-1.45889047596556,2.29465568317026,1.19572926576297,hover,-7.39697099221153,-8.15295322561597,0.156405871386698,99.3155469258208,1328,-10,10,-10,10,0,20,4
14,3,0.624185871648775,-7.82364123453909,12.6353274705698,-2.34466973510657,-1.92193312707534,-1.30747003271606,hover,-6.63497403016945,-6.07502155486089,6.34959550298871,98.7821449957315,1108,-10,10,-10,10,0,20,1
14,4,7.85844810571954,4.06446449112582,11.1147588543877,-2.93389346085649,-3.25160653279247,-3.92950483078179,move_backward,4.13430435393861,1.15577933509752,6.26857979873183,98.0310178145108,1311,-10,10,-10,10,0,20,5
14,5,-6.59135953886233,-4.84415498855974,7.93598637266287,-3.98399435520654,1.68249133270516,-0.829317834910971,move_backward,-1.95632029555031,2.41343894399157,3.08739610958545,99.1067260222224,1080,-10,10,-10,10,0,20,4
15,1,7.42222243830778,-2.98446510228215,13.7107141749507,-1.00872496105162,0.204215426606835,2.39250108164473,descend,-3.29377338589508,-4.01549953333787,9.05185083138648,99.1132282661023,1180,-10,10,-10,10,0,20,3
15,2,4.85090731403878,-1.51330432748619,8.5871157715241,-4.40304381207254,-1.5490262095215,-2.7865451681103,ascend,3.0738026793295,9.13871848141368,18.7146174556976,99.2894316692718,1120,-10,10,-10,10,0,20,4
15,3,5.18654766262193,4.81296129957228,14.8737668297465,-2.96061034683725,1.08072791921953,-0.183078043736494,ascend,-8.02962524623783,6.47148947855677,3.50019474764159,97.817849548925,1333,-10,10,-10,10,0,20,5
15,4,0.331164167025408,4.05404613900951,3.071807532388,3.34843190355826,0.249976347690046,1.06020251310139,hover,6.18407702587587,4.97237743552394,2.40374035974161,99.625225823813,1163,-10,10,-10,10,0,20,3
15,5,-2.02238495233602,-1.69813226773907,3.61475520509589,-0.646583842838797,1.53305370821089,3.48934635933809,hover,8.42194511784395,5.89315770777506,11.547883934133,99.2001779788013,1129,-10,10,-10,10,0,20,4
16,1,-5.42661035788997,-8.71625825216203,15.3465902155315,0.871888364327451,1.79349472610893,1.00946405588978,descend,-2.18475835591651,6.32280205750645,6.34855727311699,100.872698864503,1395,-10,10,-10,10,0,20,5
16,2,0.112732351435124,2.71322777722754,19.0178883075627,-0.224873325024048,-3.11318786987655,3.83020459091355,move_forward,-2.89852696242302,9.94006543213295,4.48342997966254,100.062255364843,1303,-10,10,-10,10,0,20,2
16,3,-7.15625681418992,-9.49730028579594,8.42224507530483,-2.10620485838035,1.29551048994346,-0.635256377027025,move_backward,4.68459382386626,1.42051745648758,3.53710115250605,101.586920112979,1132,-10,10,-10,10,0,20,5
16,4,-5.52459190605918,-2.5287238471471,1.75000699153171,1.1512580331663,-1.55618703084163,-2.12712240576933,move_forward,-3.0512470883642,3.21233649005808,7.67737202143943,99.9367325122173,1010,-10,10,-10,10,0,20,5
16,5,6.01117312557622,4.91694968685442,16.2622562722152,-0.479462573202658,0.361996159584882,0.488499093626694,descend,-4.4986048835613,-5.02742080676059,9.03277540903946,97.9385641301327,1403,-10,10,-10,10,0,20,5
17,1,-9.4001609946122,0.713283813344754,1.74154439801785,2.60501641921427,2.81982300003805,-3.32508594071616,move_backward,-9.63644932726609,3.67677227492711,15.6747296016644,99.2706878394136,1443,-10,10,-10,10,0,20,5
17,2,2.51875252160992,-7.24262015174884,4.35603187424249,-1.69622002314964,-1.52950672904228,-2.25538962907387,move_forward,8.79322020322133,-2.91088538065342,8.21258180119028,101.521747084922,1473,-10,10,-10,10,0,20,4
17,3,9.76604524626573,5.33662774433189,6.73398528782952,0.857786054205992,-0.598261040045815,-1.79973703999906,move_forward,0.556936608375958,-1.76812973184931,12.0527643607279,100.352600279619,1292,-10,10,-10,10,0,20,3
17,4,1.67141237515429,0.236398399169504,1.65185453997399,1.57356342080579,2.81781390198699,-1.06819716758374,move_backward,-0.906102700161844,-1.73145421958369,4.35464136714601,97.2282729368131,1154,-10,10,-10,10,0,20,4
17,5,5.65744145958246,3.87575229973794,0.196045045261242,1.9877401192436,1.70840460230369,2.68369304409191,hover,-2.43627725899562,4.08679248966735,14.5902609100929,97.7213853533226,1134,-10,10,-10,10,0,20,4
18,1,-0.450156045462775,2.47432825334885,4.72889865281821,-3.26760479158557,1.52240056373367,2.38661430340614,move_backward,-7.84222189831273,-6.35544988797889,1.98190564844917,98.8488190096172,1096,-10,10,-10,10,0,20,5
18,2,-8.01820700636371,-9.11668856474678,11.1459031160952,2.38586079705144,-1.60564619661188,-2.53127284447594,ascend,-5.79708725912896,0.203050395305004,18.1272864653043,99.5446196932616,1050,-10,10,-10,10,0,20,2
18,3,-8.90766769552685,0.0256582640643046,8.63442343768494,3.62716426180867,1.82970350568215,-0.114161431828954,move_backward,-7.2490681046587,-2.19990171109429,18.5471244999625,100.987469162081,1357,-10,10,-10,10,0,20,3
18,4,-3.13424219517309,8.7205465337954,2.49548081320985,1.14904146329886,0.563682765290523,2.27861253806101,ascend,4.99644418721272,6.70441020956261,6.44920794724519,99.1613080842918,1490,-10,10,-10,10,0,20,3
18,5,-3.39152780786794,2.3894311035556,7.21273142004405,0.886287217567574,-0.2695302534457,-0.0366564594773726,move_forward,9.45467770159568,-3.44490079013186,16.7560636615715,100.095361136368,1478,-10,10,-10,10,0,20,0
19,1,-2.86262027634916,3.25307668574429,5.63003118296981,-2.55191032681644,1.23407016256118,1.22540300741455,descend,3.20875932625204,-9.04890653772268,6.97569617020118,98.4567029017787,1120,-10,10,-10,10,0,20,4
19,2,7.12364584012576,-4.36984609762893,14.6210165944748,-2.06884943446833,2.67910919580823,-1.93828071165766,descend,-2.67686399090124,6.13519089322211,10.0756157155231,98.6479716936168,1439,-10,10,-10,10,0,20,2
19,3,-1.01112886856503,9.27060573686854,0.845955958290856,1.10599749093253,-2.152916818185,2.06127916817358,descend,3.50224832810231,-2.77955901610678,12.4055685414217,100.255754425501,1009,-10,10,-10,10,0,20,0
19,4,9.49603334369781,3.02699064830707,4.62475632328704,-0.592696630813197,-2.99383775289511,-1.8096688946554,ascend,-3.36669522514741,-6.95531974274107,6.96015319432227,96.8082922715386,1442,-10,10,-10,10,0,20,0
19,5,8.60081252214978,-2.01960061930889,0.948029240583015,-1.23736361513493,1.86900192459113,2.11185851298543,descend,3.72446925968082,7.87265391867203,1.09583579839465,97.7183068985851,1023,-10,10,-10,10,0,20,1
20,1,4.40331605033051,4.43506546998593,17.5559814230305,0.3334553266994,-4.31298150339948,3.37879861485333,move_backward,-4.28106287159274,0.873264656827237,19.6955247394122,99.5783903356331,1420,-10,10,-10,10,0,20,2
20,2,-0.587505687869186,1.21426822089112,5.38183087061995,2.84592123759826,0.0126633682592321,1.37296169566787,ascend,-7.22550727843711,-0.488541324048741,7.24918561637492,99.9405671419927,1390,-10,10,-10,10,0,20,4
20,3,-7.32992280677375,-9.56888225593006,11.1968141174502,-0.69575594617021,2.58017598031074,2.68230763775984,ascend,6.01640573903069,7.92222702865207,11.9505315363566,100.420083678619,1472,-10,10,-10,10,0,20,3
20,4,4.56773649188713,1.5351659571602,0.517149421662793,-0.288205693758694,0.716917468790357,0.072445336088245,ascend,8.74269332683124,6.5906564905303,16.9817095990891,97.8626711994977,1297,-10,10,-10,10,0,20,5
20,5,8.67003217014211,3.36928548722751,4.1355291587021,1.60676046501325,-2.63980540471738,-0.547691519253115,move_forward,8.67451319091859,6.2190006447653,9.69096543669981,99.7837460503276,1208,-10,10,-10,10,0,20,5
21,1,9.75949402461664,7.28295058062405,7.77767551824857,-0.601072915888039,-1.00006955493969,1.4329427611429,move_backward,8.27423362586036,1.1656984724455,11.9773620549241,96.5443836016877,1450,-10,10,-10,10,0,20,2
21,2,-5.88655321072073,7.99301981018161,15.2517107874645,1.43268560855453,-2.01114226892723,0.867973226464462,move_forward,-7.54370012200948,-1.85363153886374,5.5057390263138,99.3833487031957,1141,-10,10,-10,10,0,20,5
21,3,6.5315778462712,-2.19946974372005,9.95805885928373,1.01327005307033,2.40650397737049,1.04403545939746,descend,-3.47915658154417,-0.87150798296506,14.2759116646627,100.22202522638,1361,-10,10,-10,10,0,20,0
21,4,3.49552934256572,-1.22982351526974,8.7564035833254,-0.438377326093281,-1.75953343277728,-0.641608650178164,ascend,-2.48615719980823,0.931075861659178,11.2384030853195,97.77911114312,1199,-10,10,-10,10,0,20,3
21,5,3.15061084191822,9.01830396529918,14.44697028655,-0.573347724920932,1.19603142850244,-0.491065350706219,hover,-8.31505895370681,-6.72203363340584,6.48439840588098,97.3086338860232,1005,-10,10,-10,10,0,20,3
22,1,-8.09254614744357,-7.06970287115537,12.6228241402991,1.56466994099771,4.8731687161516,0.604814833075415,move_backward,1.07083146991065,0.309169096806517,6.61364131980534,97.750008991967,1246,-10,10,-10,10,0,20,0
22,2,7.75478431065432,-8.70732817898263,8.72369911462897,1.49908377074225,-1.1415286179995,0.988466751906235,move_backward,7.72470078125213,8.62223254974441,3.81569296018244,96.8929112570939,1449,-10,10,-10,10,0,20,3
22,3,0.076801636936958,2.25619177671118,16.3884448446375,0.307541482181508,-1.51725431348667,-0.360326194246555,descend,9.32105499223998,2.40110108266947,13.9077990383601,99.2008230600899,1173,-10,10,-10,10,0,20,3
22,4,1.13389264024204,-6.87009561771911,11.2411209112355,1.85516843641121,-0.220355871418119,3.14479575754601,move_forward,-2.79937915828457,-0.915752562932028,7.72779797184345,99.4777732112527,1367,-10,10,-10,10,0,20,2
22,5,3.87505148267827,8.90426974336921,15.6846519646348,1.65052888285969,-1.62961426789454,-1.06840835796937,descend,-0.812399040673492,-8.99320026522092,4.57375168040442,99.7709453052845,1007,-10,10,-10,10,0,20,5
23,1,-8.43861893935131,3.38085180163111,10.004226485622,-1.51247861822935,0.808649652269359,-1.58770575056355,move_forward,1.99171096245628,-8.88047685224419,1.12686037086714,96.1625031850124,1009,-10,10,-10,10,0,20,2
23,2,6.64442950565635,2.34780342908168,10.4025883062148,1.37550730854953,-2.78681460396907,2.85073147237402,hover,0.339935161938898,-7.13687955832848,11.1874114480601,95.4228981197366,1384,-10,10,-10,10,0,20,5
23,3,8.33642540507476,9.73936549567316,10.1026620359765,-1.87809864216107,-3.47781677602892,0.0339419431381237,descend,5.25774191821482,-8.34074701778912,13.2319238616543,97.9848950735311,1085,-10,10,-10,10,0,20,5
23,4,1.80966354285143,-1.1873063847832,18.8383786062257,1.21847880488242,-0.220547758006318,0.554914943156081,descend,1.0777413158255,3.60131060166721,7.34379810634735,96.5964530309677,1290,-10,10,-10,10,0,20,5
23,5,-1.86446479569549,-7.74769717949907,8.87691673453915,-0.968029622562713,-0.654689043376612,0.951035967968216,descend,-2.19648123738787,-2.79102213242111,2.80510718538889,96.7006509705622,1043,-10,10,-10,10,0,20,2
24,1,-4.8543443046028,-4.04889231697763,8.49716823409252,-2.40088100760088,-0.0387245324854844,0.680741128378734,ascend,5.70140163868012,-8.51820846278146,7.87766853963393,95.2169706148215,1110,-10,10,-10,10,0,20,0
24,2,-6.2164065801053,-7.15031890358057,5.36151998246752,-2.37000374897717,-4.12972007296139,1.13011962450563,move_backward,8.78759531768477,-5.57631088121844,9.65342750792828,97.0800555796238,1262,-10,10,-10,10,0,20,1
24,3,-8.63285559058342,-1.27345845039795,3.47706074730002,-3.80486863558855,4.74849710167002,-0.46669142751568,move_backward,5.24828968005986,-9.85302677794306,13.6007728092028,98.7297537712444,1323,-10,10,-10,10,0,20,3
24,4,-5.6378254043344,5.44732427226085,4.560566472009,-1.59276810166642,1.45067514225597,3.37308895396319,descend,-3.6396176500653,2.17270861269979,18.2039045338896,99.7454909390044,1296,-10,10,-10,10,0,20,1
24,5,7.06127258419838,-1.1520421391767,18.0871095643589,-2.81642497986649,0.28246336661553,2.57943878988074,hover,-3.26934148397875,-6.24574102849465,6.43854366365848,97.219283556151,1274,-10,10,-10,10,0,20,0
25,1,1.05464266357885,-4.50377190324999,4.83003483468224,-1.67634084514637,-0.564950082816474,7.13973555374866,move_backward,6.37428874416488,4.56523695645668,3.51623456551059,96.8018548852123,1094,-10,10,-10,10,0,20,0
25,2,-3.67160972534914,3.99233972794111,12.5051036035808,0.216950166960766,-0.680569451335229,-1.85169683978359,descend,5.23092371339294,5.24816097577428,11.5211180299311,98.7383141882086,1323,-10,10,-10,10,0,20,0
25,3,0.0879572018553336,-3.05477374556733,1.84295369610209,-2.65710510367278,-0.639771237722327,1.65086092910979,descend,3.88807819369109,-4.86430873459704,0.19517299770319,97.6614153553044,1139,-10,10,-10,10,0,20,5
25,4,8.12886533020004,-2.14630848051777,0.497104676897442,0.854295293470561,2.38572825736794,1.90729605242782,hover,-0.99352374533094,1.64940603472574,13.7327562899261,98.59716376298,1325,-10,10,-10,10,0,20,4
25,5,-2.52304668320037,1.63164166425732,2.32237025558801,-2.33670139328643,2.4039312433805,-1.32147718229287,descend,9.24322062022519,-6.28443473182843,3.86079631954053,96.7082205232257,1467,-10,10,-10,10,0,20,2
26,1,-4.53566584000073,-6.96105840306312,7.94217685486903,-0.442290932431436,-1.07042564427385,-0.523944346110851,hover,2.29253916025892,-9.78041815418377,11.4652076652674,98.7486492901288,1117,-10,10,-10,10,0,20,2
26,2,1.38716366569864,-8.77197115418306,9.9257777127977,0.82422699229719,-1.87429919072321,1.67031407281488,move_backward,6.92745775386347,0.119989117810967,5.57751222290461,98.533086109141,1118,-10,10,-10,10,0,20,5
26,3,2.40520072155542,2.00524291015256,3.45209003295337,-4.35262007667251,-2.39130886405117,0.730656784863692,move_backward,3.99267534451525,4.50364710046775,4.59772157714993,97.6802672816068,1406,-10,10,-10,10,0,20,2
26,4,9.7687853439949,-8.20002370026223,6.41882065295523,0.104858297554446,-3.90786740121706,1.1308411423204,descend,0.587198049625133,6.59964864066391,17.1751806814361,98.7451446165697,1159,-10,10,-10,10,0,20,2
26,5,5.04455940099885,-7.80276588498628,2.19484737187807,-0.853925375527065,0.15533735886406,3.58186051792121,move_forward,-3.76280109704934,-4.17085744704545,17.0071467474924,99.3582371200393,1320,-10,10,-10,10,0,20,1
27,1,-8.22668319935434,6.76511175074452,11.6943723852664,2.33081650218431,-1.81741123263776,0.481150074458905,ascend,6.55464346896526,-6.18027118605204,8.85059924405767,96.5670575318379,1414,-10,10,-10,10,0,20,4
27,2,-5.84793931240039,-3.63790547699474,2.67621970712252,1.0114140189175,0.663907442793512,-3.27082504537623,hover,-0.478405634650873,8.162048330139,11.0435005343167,94.7646994637494,1026,-10,10,-10,10,0,20,4
27,3,-0.972502905931037,-2.34707540880083,15.7928740737938,-1.59292845318777,0.27088274377119,0.835612860417191,move_backward,-3.42620776655542,3.00236050795554,19.4967229600552,94.9798368064707,1294,-10,10,-10,10,0,20,2
27,4,-3.81727147067466,-4.7233191694641,15.1753253016041,4.631252206689,-1.58765140330507,1.08191913856395,hover,9.84717946359853,6.04523139528578,8.48453419806612,98.2443193402569,1249,-10,10,-10,10,0,20,4
27,5,-2.86982133037908,-8.53513131020385,11.819829105497,3.12207446037038,-2.39324342912544,-0.484690555984407,move_forward,-9.21631026704834,8.92649979610965,15.2734664732752,97.3941027525478,1092,-10,10,-10,10,0,20,2
28,1,0.356912004681014,9.88486021288101,17.0970336618135,1.87050241478144,1.32703584366321,-0.700465333470411,move_backward,-0.410309087350369,-5.36416776673766,7.92580497019551,97.9253873755639,1279,-10,10,-10,10,0,20,4
28,2,9.90962117110516,9.24862808733268,10.7013421051231,4.97364264059469,-3.331286235763,-0.831855889704043,ascend,1.60383666285425,0.61928904676563,18.0241618530629,97.1027521258512,1216,-10,10,-10,10,0,20,3
28,3,4.24829611579043,-9.66650574119535,16.018417641157,-3.13004931571346,-0.157591847324857,-1.88358393812207,ascend,3.23529826730829,-6.60782373091371,5.57568040878038,95.3911089725692,1097,-10,10,-10,10,0,20,1
28,4,7.60675720758399,-0.577962699685031,8.07938744341882,-2.09346813976673,3.16663775557408,-0.498826843049185,move_backward,2.30650194261699,-2.46777843934526,17.5436349867419,98.3242621364151,1232,-10,10,-10,10,0,20,4
28,5,7.96888274360241,-1.41522913770345,6.68658839244439,0.809276314078933,0.703513506654195,1.61502212041657,ascend,4.69911850860029,9.08205572942427,10.856262262071,97.1005291617968,1155,-10,10,-10,10,0,20,0
29,1,-6.36039065661957,-8.14022146258644,9.26978495524486,-3.2298276270032,4.49213029956966,1.47856226461944,hover,-9.39229455010165,-5.83059553389361,9.09932290004194,94.8363301666257,1004,-10,10,-10,10,0,20,4
29,2,-2.91767067886827,5.60891892192049,8.73313283270582,-0.13448094048867,-2.00318491196927,-1.11132289426928,hover,1.88074062888242,-5.17831889661956,16.8273820394429,98.486063820453,1482,-10,10,-10,10,0,20,2
29,3,-5.59379798862734,-5.47582718317428,10.7357560902565,1.91894700147075,-0.681860877188143,-0.346636661968315,move_forward,8.3467208173369,-6.76854852219338,14.3127080833495,97.0886943809621,1217,-10,10,-10,10,0,20,5
29,4,-2.13896489246174,-6.42049694744536,12.6666716064024,0.919594601945362,-0.435013340770498,1.59224593486281,move_backward,9.61956321864293,-7.45926115610286,4.64480291923585,94.3181623332911,1304,-10,10,-10,10,0,20,0
29,5,-1.85080984243202,7.68153613323923,10.9626555495317,-0.880865582021586,-1.69693882260867,-0.48074167850765,move_backward,-7.51948166703914,-0.584735082660863,17.1379265556439,94.4169523578348,1346,-10,10,-10,10,0,20,5
30,1,-4.33464203015726,-7.32439000011154,13.7055936882537,1.61651142687503,1.15787597164385,1.52569825161436,hover,5.088491629765,-3.0747856667045,8.37250828605426,94.7785991517745,1410,-10,10,-10,10,0,20,3
30,2,4.77120843221295,6.10224841413908,1.34445315126357,1.28603678632275,-0.0255200881120646,1.82851945001874,move_forward,6.62259151420226,-6.86996306499597,9.14617441102817,97.0905024804719,1467,-10,10,-10,10,0,20,5
30,3,7.908470326847,1.6503704933606,11.6549361272358,1.22633378340501,-1.05555392163237,2.48320250270506,descend,-9.27235939104336,4.92295885475441,3.09657541502211,94.7195416433743,1303,-10,10,-10,10,0,20,1
30,4,-3.51691589988356,-1.96418164306003,8.12746642802254,-0.445564015871026,0.544132992876108,-2.33706178766088,hover,-8.10742260275669,-3.53627454477471,15.3919385854467,95.170590012295,1370,-10,10,-10,10,0,20,4
30,5,6.48156426732761,6.55955098278974,5.86735868016784,-1.71367521320111,0.0967800353194929,-1.32970680573517,move_backward,6.20589581487681,1.13996522557218,5.25928067460314,97.4028310115223,1117,-10,10,-10,10,0,20,2
31,1,-2.30866210976952,0.772028773960436,19.8340744192391,1.48495608219127,2.2872063090378,-1.82942849011085,descend,-8.97127892866184,5.13750941969245,12.0395953255102,98.085843545611,1495,-10,10,-10,10,0,20,5
31,2,-1.80970133122369,-9.99317075563722,10.8175664552609,-0.951987613966775,-4.1031228436625,-0.896609075878884,hover,4.95067323476606,4.97017914786584,10.8659886617022,95.4906615826203,1416,-10,10,-10,10,0,20,3
31,3,9.15086233924042,7.85666638636003,7.13007234254009,0.336822641843331,-2.24099339002547,0.80146181512618,move_forward,4.917498030813,-7.48927537290361,16.4478801351804,93.9257525071425,1207,-10,10,-10,10,0,20,4
31,4,5.62748000551926,-2.65428169737262,14.8973571248335,3.26899735781984,-1.24698744863336,-2.70020033188644,ascend,-2.99972161998468,-4.25830773707648,18.5497601435886,94.056568784084,1296,-10,10,-10,10,0,20,0
31,5,6.7681153934606,-6.64878139577458,10.0440123081895,-1.87517153760423,-1.36311936501837,-0.520278860782128,ascend,-5.40794936063605,8.72240355004137,13.6637756939997,98.6105689786143,1219,-10,10,-10,10,0,20,5
32,1,-9.88331350855258,2.20614060139751,16.0215151393224,-0.748358599828243,1.39069665230249,1.75525748174257,move_backward,1.46927177209732,5.85163328240452,6.58082391678495,94.7173098806293,1156,-10,10,-10,10,0,20,3
32,2,6.59828282043046,-4.19075016905464,8.05108784126245,5.94894774120396,-1.24517071374302,3.84060598022527,move_forward,-5.02101059920384,-0.484287468609349,7.98150453453584,96.5971912454571,1401,-10,10,-10,10,0,20,0
32,3,6.42884388252784,6.82172660090845,7.09012488800878,-0.252022720232869,0.599160814599859,0.592342368018446,move_forward,5.15768301241571,-2.21742472861546,8.58604969999675,98.3817232875033,1287,-10,10,-10,10,0,20,5
32,4,-4.47309367403553,2.44647230304901,11.7672336922708,2.78370967009361,-2.69100402032219,0.00149481238346846,descend,-8.19667995662073,8.0933295938025,17.6877787701972,95.7949483340279,1391,-10,10,-10,10,0,20,0
32,5,2.39631854521742,-4.78752641211159,8.9131242287915,3.23630228340625,-1.69445976529972,-1.15176635342564,descend,-3.24375912257953,5.96971659043098,19.7497515037871,94.395237773612,1118,-10,10,-10,10,0,20,4
33,1,-2.49056674604905,9.47409805349968,19.4461111137691,1.11803778265901,1.12727516881405,-0.676793242648553,move_forward,9.70473278829661,1.18954811974551,18.6718383168442,97.0017160300037,1242,-10,10,-10,10,0,20,3
33,2,7.75273731779208,-6.02526499802158,7.9073254791042,4.74657482230603,-0.947842039870516,1.8926817168365,move_backward,9.90763553035773,3.06326562189381,2.1687285571103,93.5805701539768,1309,-10,10,-10,10,0,20,3
33,3,9.23929315610652,4.92210938837775,13.2503219687016,0.165661124551049,-3.0969557299529,3.72631926626048,descend,-9.39459673160463,3.92628926822255,10.3943231584176,93.6951527783224,1445,-10,10,-10,10,0,20,1
33,4,-5.40597604257761,-7.72102716009622,6.21845426907212,-1.25418801125224,0.880300505428104,-3.0052822578183,ascend,-4.36359524878266,7.60132519452112,8.88660717398469,97.1795706045398,1302,-10,10,-10,10,0,20,4
33,5,-7.72138722643148,9.57127770319956,16.971933509591,-4.1536229703262,-0.352976008133114,-1.30416438295149,move_forward,-5.39401672444652,1.59769946562578,12.0631264087979,96.3993954791643,1224,-10,10,-10,10,0,20,0
34,1,0.276296700765531,-1.84539676454726,2.16092073231118,-0.112454463000201,-0.419360566344397,0.384203117038785,move_backward,4.01700145572121,7.44471007843196,1.04384304857802,94.2984065570267,1230,-10,10,-10,10,0,20,5
34,2,5.80090713958876,-0.962507819149982,6.66856372921733,-3.04129265122572,1.343683201327,0.0456885801122347,hover,-1.45612897797424,-6.62619442575458,15.0338918170937,95.041754208144,1471,-10,10,-10,10,0,20,0
34,3,6.58111817557601,2.53181949910552,10.7749303031444,1.43332802911591,2.3869677240104,-2.14212383749215,move_backward,-9.71275712108028,-4.11394746307526,3.5982975700848,97.8314713409898,1034,-10,10,-10,10,0,20,3
34,4,2.74302445050449,3.02538529529885,17.2924402506711,-2.34569137691231,2.0151733719244,0.227040560220416,move_forward,-5.75190207436332,0.865598924997022,14.0504054430693,97.9821727863023,1222,-10,10,-10,10,0,20,0
34,5,-8.85319704917485,2.58900972198959,15.9235813299692,0.926248389862982,-1.22526004844081,4.48879962127866,descend,9.07626050395854,-8.528087283836,4.14063896146148,97.0751390699098,1458,-10,10,-10,10,0,20,4
35,1,-4.08931607670248,-6.96308555371031,16.9582104462756,0.5282734838305,-2.25429237131835,-1.11835171807044,ascend,6.59123608798335,6.44364389201952,11.4136570096376,95.8591481811442,1143,-10,10,-10,10,0,20,4
35,2,5.92515886563154,-1.16821887697554,8.92431223382443,-0.203469999157512,-1.77408628765608,1.4827541946107,move_backward,8.17051797696749,4.94393888261426,5.21023014167092,96.4481892003705,1066,-10,10,-10,10,0,20,0
35,3,-6.18194293511018,-7.08535801007417,11.7008723053743,-2.23068519201635,1.33448270349323,1.5906656073322,move_backward,-0.147228030764378,3.09765796899337,17.8024695592337,95.6926278723451,1141,-10,10,-10,10,0,20,5
35,4,-9.2714896894904,-3.47510853879375,19.4602724778564,-0.942908171797427,-1.12065698229665,-2.45293474752728,move_backward,-7.29043588636996,-3.35764216343319,17.9495978479977,95.4982438892364,1308,-10,10,-10,10,0,20,3
35,5,3.96507853254828,-9.41335314491276,10.5576537547729,-3.1331341473916,1.56656386167375,-0.62113981744314,move_backward,-5.07860865787803,1.62982504736265,18.7535375814955,93.2389364619253,1027,-10,10,-10,10,0,20,0
36,1,3.62957028392425,1.97257053266469,2.28060069031312,2.99809204256929,0.275589731460729,-3.17364279980691,hover,-7.27985222759821,5.77782639314018,1.84796915847659,93.9893439600365,1122,-10,10,-10,10,0,20,0
36,2,7.16705520457516,3.96399532359133,14.6748426652656,0.831552381235795,0.0859496586093831,-1.89770646011435,move_forward,-7.64869030756487,-7.04365171636787,0.39529327457634,97.6214586514978,1486,-10,10,-10,10,0,20,0
36,3,-0.651799464510807,3.13388006608947,5.80371133265734,1.52195962043677,0.50885900450078,-0.305667353874764,ascend,5.07472148266123,7.96752650011262,14.5688806791557,94.8341506732724,1470,-10,10,-10,10,0,20,1
36,4,0.663264812176452,9.0950974075274,5.35495072880192,-1.687671781652,3.88687609969463,-0.493843081149762,descend,-5.93401709287327,2.71766397773775,15.9674051566052,95.3085052618211,1326,-10,10,-10,10,0,20,4
36,5,-5.33252463856865,2.01677876869585,2.24924756766573,0.0568178678365395,3.86103081750466,1.88227357665331,descend,-4.44777755471223,3.05039921496588,18.3459760760134,95.3491972675737,1488,-10,10,-10,10,0,20,1
37,1,-7.77630032422133,-4.05291413262756,7.92837071123453,-0.745520155940883,-1.69474232032958,2.67447608625634,hover,-1.95822761925907,-4.09638391940076,6.12993558052758,93.1278056536764,1297,-10,10,-10,10,0,20,1
37,2,-6.89556758120999,-9.98682664827775,5.67190834156763,0.202259212026219,2.16796507372917,-3.70905447476595,move_backward,-7.38051827269667,6.67457896246131,16.0093674979812,97.1894004599932,1068,-10,10,-10,10,0,20,3
37,3,-1.90083039765405,-6.52855676930566,11.5036722493571,0.717286824358121,-0.704630245561374,0.26471985639944,move_backward,-0.20169675173211,3.89746422374165,8.2284365477553,92.7738837004987,1146,-10,10,-10,10,0,20,4
37,4,-3.06996018873845,-8.33368110352256,10.2221274188572,-0.872830434109777,0.560014944532327,0.169211774361896,move_backward,6.33822358099063,-6.21057036629122,2.47386913728726,96.7049823949551,1319,-10,10,-10,10,0,20,0
37,5,7.91909255279467,0.307501142399577,10.8904387669249,0.547878759101531,1.50833161656482,3.04899501146759,ascend,-8.30701622765549,4.67746597562544,6.63978665248861,96.7987476743732,1186,-10,10,-10,10,0,20,4
38,1,-6.46962742076879,-7.40960277930666,17.5976716483576,-2.72610317787458,1.3611699254483,0.875647245131459,descend,-2.40322166184744,9.59314879693149,7.97986845223259,94.6009345713468,1078,-10,10,-10,10,0,20,1
38,2,-3.7187614265307,7.89001327808511,4.94048358528079,-1.38013072655959,-0.896441403858187,1.42875270019922,hover,7.42644133146043,-8.3368820649308,9.23475676736263,92.5519451183058,1377,-10,10,-10,10,0,20,4
38,3,-5.70975507672018,3.59809371046837,11.1458536137986,2.31823181166128,0.256776117327203,2.07891626660345,descend,-2.83743294421927,-0.220249652410274,5.11924282004382,97.045846344962,1233,-10,10,-10,10,0,20,1
38,4,-1.37563105443852,4.05060022504686,8.04659735973203,-1.31723352502279,1.96798133619731,0.202454989117127,ascend,-5.56610906463204,-5.62011764576333,10.44464886051,94.5671135674388,1371,-10,10,-10,10,0,20,0
38,5,6.94666872794363,3.59760469115814,2.7330304379716,2.11411925789905,-1.1751555931586,0.604443235864773,descend,-6.75350615934994,-9.88693863746309,15.4297029433082,96.2239377812767,1210,-10,10,-10,10,0,20,0
39,1,1.71493990468456,-6.51689511131937,14.5722132113262,0.301794921038034,-1.98263776967026,1.67365989549666,move_forward,7.74061464456026,-8.62403657792567,3.6705639105568,95.8853632729329,1349,-10,10,-10,10,0,20,4
39,2,0.038068383074874,-1.49006343994747,12.224742615486,3.92906502312228,1.76916834695153,0.169073914152305,ascend,4.07938157302389,-2.36778248022235,11.3536999560297,96.6393047765561,1422,-10,10,-10,10,0,20,5
39,3,8.7800618289311,6.30870311877495,0.0271565757206216,-2.73169662105511,-3.55736835821563,-1.84528247321347,hover,-1.51830362388241,-3.17870062181543,10.8270786661541,96.8308454129154,1149,-10,10,-10,10,0,20,2
39,4,7.18960214413579,-3.19043378469135,2.76240806100173,0.0206149088510915,0.408264091495959,-0.822051012649079,move_forward,2.55808355581097,-0.992236912961491,9.47235884197769,96.9485317675177,1041,-10,10,-10,10,0,20,1
39,5,-1.05985381330591,1.75142527990627,17.5526827682904,-0.0602470589886401,-0.914729899360077,1.19267125153293,descend,7.2165470211575,-0.669759752370254,9.96208974245419,94.6371532720772,1114,-10,10,-10,10,0,20,0
40,1,-8.65233372782187,7.76781869609156,4.6633537133932,1.88082330857252,0.69831267431082,3.71856060137291,move_backward,-7.20621442904999,-2.12199710297993,19.6112565943011,95.2239701299269,1449,-10,10,-10,10,0,20,2
40,2,-9.71813849621953,2.45760688869591,4.6219072622227,0.098869295077439,2.15609174963874,0.616357519962253,descend,-1.33130319933884,-5.1165421298595,8.57920707556015,92.0508872776089,1305,-10,10,-10,10,0,20,5
40,3,-8.09106952900799,-9.28818873239705,17.724702226515,-3.01504517024748,-3.35880427671593,1.57795240146078,hover,7.59732880568005,-8.09246427818951,7.05120202497279,94.9671028389374,1293,-10,10,-10,10,0,20,4
40,4,2.96054230111409,-1.33261865322816,2.79517518198515,0.960962354333651,-0.77366528373346,0.843231082738748,move_backward,-8.31259057909702,9.44178323425683,0.629198711182317,96.1770227522243,1418,-10,10,-10,10,0,20,0
40,5,0.917724177816597,8.86339679310958,6.42946139739978,0.972565126839444,0.661770239845956,2.53580416185968,move_forward,-9.00870468843578,-4.33602732318109,13.0691364795993,94.4482767266424,1487,-10,10,-10,10,0,20,4
41,1,1.35682299477615,-4.02071673085606,5.12219562123676,1.58828543084331,-0.394527578891214,1.29830563250897,hover,7.19186906950545,-9.4474198367765,17.9831286851273,96.2996775026309,1262,-10,10,-10,10,0,20,0
41,2,-6.44411816355442,4.12215189017229,16.627195127741,-2.06708322539983,2.59029350857175,5.53624606668443,ascend,2.76487418849412,-3.1398837605935,4.32942792365082,95.7310031351527,1362,-10,10,-10,10,0,20,1
41,3,1.6486285740896,-1.5798843726344,1.84137413508735,-5.76467227987932,-0.0949352150587397,-0.924931900723782,ascend,-4.25300780969848,-6.58193529501043,7.98526628562859,95.2882478422895,1102,-10,10,-10,10,0,20,3
41,4,-1.13867821183454,-1.33409468848607,3.5047888478919,-1.52881887738276,0.820275086623986,-1.57986549812098,descend,8.89567983508612,4.28943271497895,13.5843931078801,96.5969029065354,1388,-10,10,-10,10,0,20,3
41,5,8.96004718666702,-8.80716752829268,5.37424690485587,4.03658315341979,0.908686356722385,-0.0842083596380462,move_forward,-1.66130490137157,-2.39701594213638,4.26540778150418,93.7146899456707,1014,-10,10,-10,10,0,20,2
42,1,-3.33254626312426,9.51689608219979,11.1088707723951,2.04275310082145,-0.279661065884889,-0.163102206118496,move_backward,9.8240639973749,0.478952985272176,18.508737792629,95.2951093076096,1284,-10,10,-10,10,0,20,5
42,2,6.48998839637844,9.19218557995768,12.9269213088805,-1.07676400193415,-0.230430976611916,3.64400011060599,hover,-6.86612305532075,-0.568642469403034,10.8598338969051,91.898455161929,1329,-10,10,-10,10,0,20,5
42,3,-7.80734787769576,-1.24453771563773,5.60460179214648,3.24909933366562,0.747024816579841,-0.50178358938518,hover,0.900097824368462,6.55607862941844,16.7401254204565,95.7667432351721,1102,-10,10,-10,10,0,20,3
42,4,7.49885443084697,-7.57999827660665,17.1270153707453,4.9308791700662,-3.11583443683148,-4.13329564043692,descend,6.70054931469326,-0.612129959163305,8.27539878498991,94.11373131925,1062,-10,10,-10,10,0,20,0
42,5,7.40950730282172,2.05900362603774,5.30603452107598,2.15187347313121,-2.59474320253539,-0.243540459661534,move_forward,-3.2200169680784,-1.97560286147375,10.5395950438965,96.0711785723226,1389,-10,10,-10,10,0,20,0
43,1,-4.4243094275791,-2.41260330627869,17.2934509276607,-0.568750269734467,-1.58342097967314,0.481237776493823,descend,7.97095003670403,8.6941847582762,16.3577366762223,94.9445448945091,1372,-10,10,-10,10,0,20,5
43,2,-8.69520390320616,-3.28177657308282,0.0867014521759657,1.83877211807252,0.0430624337105365,-0.598680667485466,ascend,0.696634191937942,-4.2103026722087,1.36741794890408,91.8248537278346,1034,-10,10,-10,10,0,20,2
43,3,-7.53237235381239,-1.13966814675527,17.978794739286,-0.753348541734783,-1.39607053917204,0.608244860060394,move_backward,-3.02850045792216,-9.16157990182461,2.84679438776783,91.7829641743821,1371,-10,10,-10,10,0,20,2
43,4,3.36498630631058,3.98492151206255,11.4271442478152,1.5333056283463,3.04694368921487,1.15364838760706,move_backward,-0.649659623235451,-7.17327943326671,1.36268914465177,94.9712120345994,1154,-10,10,-10,10,0,20,4
43,5,3.04841670844528,0.620976766902036,14.3021406352461,0.047647275164092,-0.0441094683926845,-0.0175158575041099,move_backward,-2.21436634406949,-7.65709668544847,4.80847107942478,94.8245424731457,1420,-10,10,-10,10,0,20,5
44,1,-5.69660774391933,5.20686692836475,11.6820569971607,-0.416746918882087,0.0494783984818883,-0.05618220721182,move_forward,4.87412289245887,-3.96093061745536,1.79223870404248,95.3298274124212,1195,-10,10,-10,10,0,20,4
44,2,-6.41261809432047,-7.81277580564424,18.1031667618327,2.81521529341933,-2.05800151096687,0.413024462802228,move_backward,0.220163084920927,7.47024351871443,1.40442944673078,96.13769368414,1462,-10,10,-10,10,0,20,3
44,3,-1.3707589265131,-3.24310869487016,14.414468556945,-1.64276439790591,-0.51346500179018,4.62026281094504,descend,-0.522262604957493,-0.0692536311961067,6.17942162438785,95.9541877942045,1491,-10,10,-10,10,0,20,3
44,4,9.85179636944144,-0.883125958694986,8.52081761784197,-1.11323978749268,-1.23099801216359,3.20910641919536,move_forward,0.594913878115499,6.58161474998659,10.2374886267651,93.9598092312727,1106,-10,10,-10,10,0,20,3
44,5,-7.14473549303719,-8.95552944349699,13.6661583061187,0.7024479490929,-1.74456314539546,-0.796254343048972,move_forward,1.10615249450907,-7.44841875923474,3.38396663311227,91.2049970905838,1209,-10,10,-10,10,0,20,2
45,1,-6.80262313695059,3.33677154447517,0.35840738102511,-2.21285364358106,3.5811198068838,4.32476831195249,hover,-0.122363124931265,7.2544425627766,4.8575233258622,95.171350818594,1407,-10,10,-10,10,0,20,3
45,2,-9.95523602878333,-2.40552120546131,18.0881139298487,1.42210080996051,-1.26552787332759,0.785452774719604,ascend,1.42826143207793,9.63457547552845,16.9936403781103,92.4172209284453,1341,-10,10,-10,10,0,20,2
45,3,9.738535399237,-8.32027408487622,5.00611772723401,1.54290667591537,-1.64068219227509,0.0357763636411924,move_backward,4.77646483842127,-7.16674039395082,8.75788515810046,92.7519018620673,1239,-10,10,-10,10,0,20,3
45,4,-7.08388609560957,8.10661214488728,12.8038849666444,-0.944661510399138,0.551903560888197,1.96845419829248,move_forward,3.71374273957978,-0.675614300345156,5.20636191333059,93.8463408553851,1124,-10,10,-10,10,0,20,1
45,5,8.21604464433881,7.70440081988821,15.891788483317,4.10654111252297,-3.05850068334418,0.0453751504032604,move_forward,8.26364691801809,3.27936507677616,7.78385645985226,94.7000379070808,1409,-10,10,-10,10,0,20,3
46,1,-8.30005870994594,8.44716002180108,1.07195630633116,0.21897927033659,-3.10266295078206,-0.710221825672917,move_backward,-5.1180816885662,7.6884531818715,14.252935895183,92.6907421904107,1124,-10,10,-10,10,0,20,1
46,2,5.3448718905387,-9.00276229905519,13.7057713521782,0.558929963652481,1.63773017651654,4.09501308410213,ascend,-4.79588795372555,7.54939072028248,16.1219196702129,93.1056053988985,1045,-10,10,-10,10,0,20,3
46,3,-6.25234221702786,0.633791717894653,7.10066643546765,-1.6386152931424,1.93590704333749,0.0606980197011553,move_forward,-5.91014837282087,3.56212155119591,1.04971085276047,94.8058618118125,1339,-10,10,-10,10,0,20,5
46,4,-8.1688371425034,8.16876741156356,10.1990607410641,0.668546656654712,-1.09482552637581,-3.30196868599778,move_backward,-7.10946186102976,-2.59028414691976,12.447828661625,95.7877595121569,1259,-10,10,-10,10,0,20,5
46,5,-5.46931074888323,-2.03989627159572,13.9313737902328,-4.14605286467856,2.48805223996682,-0.630479161899628,move_backward,-2.40789428458777,-3.61864359566431,19.7210213345323,94.3909045260486,1207,-10,10,-10,10,0,20,0
47,1,4.69118250332819,2.74612580706965,1.47683753472132,-1.80657163336965,5.940057900449,-0.0235325918973844,hover,-8.92336902060979,-7.18252404796318,17.8694862348037,92.9291003655802,1280,-10,10,-10,10,0,20,2
47,2,-8.6442902302837,7.95293084747382,5.77130617762522,-0.926821289085659,0.389979143954799,-0.133893005303709,ascend,3.11222180992999,8.76400811608525,12.4085037156799,92.0142004580716,1102,-10,10,-10,10,0,20,2
47,3,-9.45499560678367,7.52368671920692,12.2018449254891,-2.32679158483066,0.241219637290048,-2.88703674830781,move_backward,-1.14130667892261,0.96018314671317,11.3372166357848,94.0019749560715,1186,-10,10,-10,10,0,20,0
47,4,-0.872985526999425,-9.04312399679401,14.7651398405358,-3.70936874485394,1.71715017758479,0.61278730129622,move_backward,0.267279723153088,-5.18190401844544,5.19930557433735,94.3948708067104,1497,-10,10,-10,10,0,20,2
47,5,5.05715682206019,-7.79903005774667,11.9409045922881,-0.414994475811267,0.680514070358064,-0.996224290251023,hover,-0.980730214176575,2.80149020535483,2.64077634737631,92.8641121491202,1326,-10,10,-10,10,0,20,4
48,1,-3.83846183159576,-1.95272841989892,17.684626320929,0.66152103779813,-2.69579335777337,3.09574357045485,ascend,-4.45122562089017,-9.87784393946802,7.49422282291116,92.5846639036599,1152,-10,10,-10,10,0,20,1
48,2,-5.14967382229999,8.73367220044669,17.2038048165407,-0.717983250821753,-0.229758658903163,0.717802292438879,descend,-4.60376734652368,9.79480284124431,3.67351392532248,94.7082836246201,1016,-10,10,-10,10,0,20,1
48,3,4.97493991565914,2.88732916363287,3.38475925303329,1.84367043956546,0.326489826296753,-1.6293416776466,descend,8.30953198066745,7.9119305228879,9.65013234760078,92.6136998888187,1156,-10,10,-10,10,0,20,0
48,4,5.07583546817424,-7.36105040478162,7.11844238166767,-0.55006411597443,1.69028950567628,-5.54236287547253,move_backward,-4.23858712355531,-4.99314234927057,9.76759270049931,94.0451805767251,1101,-10,10,-10,10,0,20,1
48,5,9.5266902955884,1.86471584873103,6.08807156186935,2.43273451943338,0.734340841730722,-2.53503112569172,hover,4.23527526630537,7.35453577819747,2.36615819675991,90.5951148836382,1299,-10,10,-10,10,0,20,3
49,1,0.328648208977755,-9.84985191813432,13.7786672717623,2.52351421812339,2.33468572916855,-1.14065998975605,ascend,-5.16126338746598,1.20666619681236,12.2545421509977,91.7040454533036,1399,-10,10,-10,10,0,20,4
49,2,5.62184531820774,-2.978031351708,1.08594707799954,1.30445016776765,2.89443335049777,-2.58025194806653,hover,8.25750851773087,-0.366860392548896,17.0361190401671,94.249569015521,1093,-10,10,-10,10,0,20,1
49,3,-8.91622317265461,2.17922912907757,15.5446485846902,0.111971884572355,-4.20008369144042,2.47059417884042,descend,-3.36005026077687,-6.52233720110987,12.5127278969768,93.0756741640316,1376,-10,10,-10,10,0,20,0
49,4,-2.86425606795283,-7.1209839950771,17.012153104905,-1.6408070583954,-0.393422675707935,-1.78028748393682,move_backward,-0.051834305228585,0.756856826482421,17.4182504924265,93.8142178433322,1334,-10,10,-10,10,0,20,1
49,5,1.00990709749198,9.19750157375943,11.920433439726,1.80363056335113,4.24237683664626,2.49717333045897,ascend,-9.30739877375067,-0.977524171936512,0.275891135561894,92.5685537456645,1476,-10,10,-10,10,0,20,1
50,1,-2.27154398891166,-1.37133247147892,16.6177296949808,2.07368000025125,-0.298925045808845,-0.634162687823044,move_backward,4.81687254902333,4.75266146845652,18.9383199802406,92.5504985271619,1396,-10,10,-10,10,0,20,2
50,2,6.98397415097968,-2.19138341075004,14.7675302301257,3.65820447332309,0.170576137274943,-0.136649449438701,ascend,-3.53197241045911,-7.7825956327978,7.50420108484224,91.6495198956702,1171,-10,10,-10,10,0,20,4
50,3,0.633706284751295,0.422440970177625,15.486194179733,-3.55129675302752,0.65930812388593,-2.11580554230214,ascend,1.49233126761951,7.27875282117565,3.97126144341305,93.3622548184882,1451,-10,10,-10,10,0,20,1
50,4,-4.03431700340035,-0.0695945947324983,17.7980846336936,0.00299843402096275,-1.63265347513585,0.230295072396284,descend,-1.74391196557882,-9.70472674389915,14.0552960685651,92.533735757435,1191,-10,10,-10,10,0,20,0
50,5,-2.8284007867797,-5.31497514935515,4.0700810577794,2.53086294369803,-0.482915715081622,-3.45806283380516,ascend,5.49988354835349,-6.69404758258446,18.2443779407332,91.5960289090462,1165,-10,10,-10,10,0,20,1
51,1,5.34429472759627,-8.6005370209435,19.0006789602723,-3.29625004239368,-1.14535091021745,1.3184640833557,hover,0.241733009668653,4.42653854588329,18.5769027123971,93.4605192500813,1375,-10,10,-10,10,0,20,2
51,2,-5.21016608824234,0.417009501660781,4.38154720217807,2.24415574098252,1.55165753691947,1.92499123869318,move_forward,-0.617895928964762,-3.80950041330852,13.7515849502748,94.7342611169498,1385,-10,10,-10,10,0,20,4
51,3,4.12169530900624,1.90672837295498,15.0574824016508,-0.0236916121696204,1.57900070696505,-2.80716441092497,move_backward,-8.02487376058,0.939541729105498,8.05939817959068,90.3352007770009,1362,-10,10,-10,10,0,20,3
51,4,5.65936385036126,1.33241164883287,16.2263831741385,0.486175971923619,2.93534225100497,2.26110799684661,descend,5.77646330024922,-0.539387182006008,16.5760339697688,91.4124079403098,1489,-10,10,-10,10,0,20,1
51,5,-8.54338390375142,5.02447211744016,16.6237724106834,2.11618454084038,-1.26638277496964,2.03597883658612,descend,-0.734102418413855,6.4150050170934,19.0381301238291,90.1813644471989,1355,-10,10,-10,10,0,20,1
52,1,-2.02208884561976,-4.63751146186782,16.6502663319107,2.48214026421487,1.1105610849306,1.40683523103001,move_backward,3.75305096139034,1.36707837339884,7.61695058579054,92.7728974240521,1181,-10,10,-10,10,0,20,2
52,2,-2.62600552848419,-0.632024792192844,10.0682768656792,5.06359123000627,-2.44648611533359,-2.14350121309417,descend,-0.261351211407082,-4.75562028619118,11.5918692590624,93.9916384948772,1030,-10,10,-10,10,0,20,2
52,3,-8.31483997325088,1.26475230851457,10.7862116058314,1.36514942706706,-2.17273523046888,0.594984756960629,descend,7.21963043607373,3.21672188896489,7.07758332216906,91.3359314894694,1127,-10,10,-10,10,0,20,5
52,4,-4.03598020352129,-6.83187844443411,7.22594113454184,2.28700682055572,1.32658216177666,0.328168731541867,hover,-2.51308797448318,8.02991238585317,6.36689656154505,92.585414616074,1149,-10,10,-10,10,0,20,0
52,5,-2.23288662685887,6.35375487947732,19.6235140848665,1.59788349406019,-2.1421549211393,-0.410310978590424,ascend,-3.64389224135659,9.688968109487,10.9650178251283,93.3462562967721,1421,-10,10,-10,10,0,20,1
53,1,8.06195218579167,-7.89751744355563,14.9018619288145,1.19927484288454,2.20085775747262,-2.8394836467965,descend,0.17574462429141,0.609805816373818,17.1943408717098,92.7886245535985,1403,-10,10,-10,10,0,20,3
53,2,9.11791677226384,-8.66646110801354,10.830360548999,-1.1533844576357,-0.123056219559154,1.45117552582529,ascend,2.16321977188132,-3.47647655246476,17.6169440472362,90.0669730668046,1051,-10,10,-10,10,0,20,5
53,3,-6.94196000650416,-6.94923837809099,3.11105176113256,-3.37227500525076,-0.17384337746759,0.614772182142405,move_backward,5.80470273827427,4.25421835583975,9.45195010083562,92.9429407619787,1479,-10,10,-10,10,0,20,3
53,4,-3.89893769365043,5.79622367603938,4.72773927175664,-2.96615940728122,-0.212975824653439,0.490527873115791,move_forward,-7.54752196887901,-7.52412943345576,5.68917982591636,93.0786640341306,1206,-10,10,-10,10,0,20,4
53,5,8.70228232099478,-2.01866683675914,1.04422760261151,0.725876540355987,1.40789919797361,-1.50519388993521,descend,-5.56694491048101,8.78547485312595,9.64610578716007,92.0999804343697,1110,-10,10,-10,10,0,20,0
54,1,-8.79669167081043,6.39017749884538,15.4295660945207,-1.65657076981001,5.77528857564732,1.83827081818867,move_forward,9.80762402975907,-9.32616413757976,8.48506540848305,91.6499183640313,1292,-10,10,-10,10,0,20,0
54,2,3.20309259955567,-8.95389558459215,11.1366106826399,0.877818827067377,-0.0819868148223257,0.728618353021368,ascend,2.91317324122712,-2.38715417430746,2.07425680373777,91.0875575938137,1131,-10,10,-10,10,0,20,1
54,3,2.45848100749028,0.458555243151,8.26475492988352,-1.09547183706283,3.35318789945829,2.34600575402691,ascend,2.30785697890248,5.58979003687947,19.0969462283885,93.7980162311313,1192,-10,10,-10,10,0,20,0
54,4,5.93502839551435,-7.72365640731735,3.17648597350839,-0.710473597364341,1.91175914377545,0.318563304115832,descend,8.51675977899671,1.50156535415078,0.199547899204138,93.2468864290893,1305,-10,10,-10,10,0,20,2
54,5,-4.63119683417866,-4.83807232008201,9.62019071858017,-1.60102731441318,-1.02438073087838,-2.9733507471452,ascend,-6.04179884887678,2.11386128366041,16.4740729075984,93.253074813358,1401,-10,10,-10,10,0,20,4
55,1,7.18755708606056,5.62169036002765,4.07593702094688,1.6664048909199,-2.39710088499736,1.237546952273,ascend,-5.12253795715361,-3.20624389850598,3.95724681010833,91.5341668831794,1476,-10,10,-10,10,0,20,2
55,2,1.68929680636213,2.13074491904582,14.2928573417582,-0.316631162736016,0.585942072279249,4.93542879669664,move_forward,-4.28816589610214,5.93631575776106,2.85531660259089,91.5227509530414,1305,-10,10,-10,10,0,20,4
55,3,-2.33320137960302,4.57366873175987,17.7456936005577,-3.81096998967483,-2.15349624532533,2.3898817878495,descend,-1.77371650924228,9.18282681137295,15.0049058594608,93.9049855712984,1116,-10,10,-10,10,0,20,0
55,4,-2.30835601562201,0.00545101885055743,11.4051173774481,-0.624929067674349,2.439293362922,-1.81912278537354,move_forward,9.28513232339035,3.42302072756812,5.98349712868828,91.6556326340766,1000,-10,10,-10,10,0,20,5
55,5,-1.91232285384464,-3.97588826973055,19.011631828169,-0.39533530898886,-1.15600392122785,-1.51193900808494,descend,-6.93862605113815,-8.53811387661019,11.6112955366169,90.4350737619855,1181,-10,10,-10,10,0,20,4
56,1,7.16623356251678,-3.04168626665888,19.2349121065173,3.08907169263537,-2.01912452692916,1.71341275689284,move_forward,8.37844974904635,2.05074522418989,14.042764566092,92.5183747760204,1192,-10,10,-10,10,0,20,1
56,2,-9.26480525148302,-0.557542515052686,12.9014465687079,-1.48627745554889,0.144061368608397,-0.712806721237774,ascend,3.00948186483727,7.82786611041855,17.2221293341874,89.8495753838114,1199,-10,10,-10,10,0,20,5
56,3,-4.8694397619234,9.33603208734856,12.3831470595866,-1.09004469930463,2.06562499394446,0.754273109625357,descend,-4.97341433142133,-9.19687230889513,4.66750825147413,90.6055646812493,1317,-10,10,-10,10,0,20,5
56,4,-5.85686707710084,5.1416788311154,17.7265621926089,-0.251001766369966,-1.90245774221601,1.78407999321506,descend,-7.67424935507631,7.5144122556928,12.7037275892601,89.2864067454582,1455,-10,10,-10,10,0,20,0
56,5,-9.20500611774404,9.77135782452527,13.7236319692067,-0.857826088448707,0.02319217750839,1.46263694680941,hover,4.5185531318772,4.02656117196034,9.17781651625006,91.7114740447763,1169,-10,10,-10,10,0,20,1
57,1,-2.01613192198881,8.39554389088762,4.52090874626505,-0.903245533512474,-1.9585344420593,-2.26689457215535,descend,6.6572964956277,8.09226997074291,14.4719182453949,90.5149791215025,1149,-10,10,-10,10,0,20,4
57,2,7.60913853658423,8.49096615239038,1.62505550740993,-0.0929294849475517,-1.93356180971017,-0.942498047826116,move_backward,-6.07446173573181,-7.57292690526068,10.8738998692164,90.1731037411071,1191,-10,10,-10,10,0,20,4
57,3,6.7835895908052,3.60472771853538,8.33844014602644,0.70019705218523,-0.582614314933992,0.372156124218861,move_forward,2.02046969217534,-3.07380991992364,7.28802736523105,89.4574053841577,1398,-10,10,-10,10,0,20,2
57,4,-2.907542909038,5.50122399948052,4.73609614128878,0.892009257259549,3.03326921928911,1.87551255442674,ascend,-2.33540936880849,7.22669496120203,9.27818385765919,91.4527410995277,1348,-10,10,-10,10,0,20,5
57,5,0.92625958504874,2.73153146863455,11.4178497846199,5.37800699903975,1.75213773244583,-1.75298002693695,hover,-5.12991264753609,5.03558710122604,3.98268750234043,93.5147025575199,1355,-10,10,-10,10,0,20,1
58,1,7.16594784720646,8.18822966086858,19.2332616038653,0.68528897280125,0.359122972390755,-2.03863651664142,descend,0.96943831859612,-6.69445114759653,9.87786077064895,91.0755863373812,1099,-10,10,-10,10,0,20,3
58,2,-9.47369212691284,-3.62418077498615,10.659990688211,-1.21019210711314,0.843589245419561,-0.725617885774309,hover,8.27627007094712,2.81117674583124,13.1754828459176,91.7766516565493,1373,-10,10,-10,10,0,20,5
58,3,0.333143354181473,-6.96262597091936,7.61328548575921,2.47571747251355,-2.39572020386604,-1.12878785106156,move_backward,6.12585193028434,-5.5562414003558,19.9954624538951,88.7186934873218,1213,-10,10,-10,10,0,20,2
58,4,-1.99414232232789,-7.76154712188212,8.48621546475267,0.618120773525527,4.90315042856817,-2.92525600789254,ascend,-4.67516241623746,-4.17003932069651,3.76779083021654,88.5142981181281,1225,-10,10,-10,10,0,20,1
58,5,7.37453089479763,0.572215348852414,18.2827033628383,3.24147321975863,0.243707389442074,-2.47608175924858,move_backward,1.87121544962316,7.67230609849536,8.48951862175309,91.4362869294202,1035,-10,10,-10,10,0,20,5
59,1,2.84158832283402,-7.9100066420485,14.0045014737891,-0.844282535756473,-3.34804827119067,-1.37526030537322,ascend,-5.46693725077184,4.06008782036248,15.0830517043565,90.9364331693183,1277,-10,10,-10,10,0,20,3
59,2,9.70913901029498,2.68556405965236,12.0091122506164,3.15567001572299,0.179095482282887,-1.34596746902816,move_backward,-1.20153755439695,2.03085187031352,14.4052472314105,91.5938917083573,1106,-10,10,-10,10,0,20,0
59,3,-4.51041184228802,7.35036772932929,11.1871413479491,-0.303505560533136,-0.311777220342474,2.07632942384828,move_forward,3.15458543333057,-6.77958190830525,8.64753653887344,90.7254304217776,1188,-10,10,-10,10,0,20,2
59,4,-3.15157194465783,5.54292880280147,7.67887724779614,2.60935900572587,-0.0852884550330929,1.79106153929773,move_backward,0.345088051018465,8.06137497253335,4.36385284261826,92.5660967008645,1041,-10,10,-10,10,0,20,2
59,5,-9.56140354384043,6.16561100071097,3.58419001582463,-2.29830140189967,-2.61608341423949,1.29276592611838,ascend,-4.03790280453586,5.36670294119492,10.0230018929204,92.7473240325364,1028,-10,10,-10,10,0,20,2
60,1,1.44509491142331,1.30134319554357,16.4763313445272,-1.24816489360875,-0.299921838166375,1.66443009998643,move_forward,-7.22270325718131,-3.01360914714749,3.02681120994956,90.4836033912896,1405,-10,10,-10,10,0,20,3
60,2,3.76802995385696,2.79140435710514,14.5864345248714,1.89118306356824,0.8573262132623,-2.64921385570827,descend,-6.72867687231893,8.12103471151021,1.54685570266641,89.6926732507084,1290,-10,10,-10,10,0,20,2
60,3,6.10640972451065,0.615562819496114,4.54620663284575,1.17403321868962,-2.41341781528104,1.09066107220227,move_forward,-5.41387497068457,-6.35543969454596,3.32705015472901,88.7480354580937,1101,-10,10,-10,10,0,20,5
60,4,-9.6818332238103,9.15028700342366,0.513845707404559,4.28165907502609,-1.38435624204758,0.198594696297967,move_backward,7.92809806929823,-6.21978889177678,13.2143911489607,92.7061546893674,1488,-10,10,-10,10,0,20,0
60,5,-6.42201543955474,4.93102854264072,0.989370450639,-4.27614702364462,-0.120095330146544,2.77138141494262,move_backward,-9.91214774835649,0.852149281181578,17.2269635283313,92.5456951223503,1423,-10,10,-10,10,0,20,5
